state	county	record	count
Alabama	Autauga County	2
Alabama	Baldwin County	0
Alabama	Barbour County	0
Alabama	Bibb County	6
Alabama	Blount County	4
Alabama	Bullock County	2
Alabama	Butler County	0
Alabama	Calhoun County	2
Alabama	Chambers County	0
Alabama	Cherokee County	2
Alabama	Chilton County	2
Alabama	Choctaw County	2
Alabama	Clarke County	2
Alabama	Clay County	0
Alabama	Cleburne County	0
Alabama	Coffee County	0
Alabama	Colbert County	0
Alabama	Conecuh County	0
Alabama	Coosa County	0
Alabama	Covington County	0
Alabama	Crenshaw County	0
Alabama	Cullman County	16
Alabama	Dale County	2
Alabama	Dallas County	2
Alabama	DeKalb County	2
Alabama	Elmore County	0
Alabama	Escambia County	0
Alabama	Etowah County	2
Alabama	Fayette County	0
Alabama	Franklin County	0
Alabama	Geneva County	0
Alabama	Greene County	0
Alabama	Hale County	0
Alabama	Henry County	0
Alabama	Houston County	0
Alabama	Jackson County	0
Alabama	Jefferson County	4
Alabama	Lamar County	0
Alabama	Lauderdale County	0
Alabama	Lawrence County	0
Alabama	Lee County	8
Alabama	Limestone County	0
Alabama	Lowndes County	0
Alabama	Macon County	0
Alabama	Madison County	0
Alabama	Marengo County	0
Alabama	Marion County	0
Alabama	Marshall County	0
Alabama	Mobile County	0
Alabama	Monroe County	0
Alabama	Montgomery County	0
Alabama	Morgan County	0
Alabama	Perry County	0
Alabama	Pickens County	0
Alabama	Pike County	4
Alabama	Randolph County	0
Alabama	Russell County	2
Alabama	Shelby County	0
Alabama	St. Clair County	0
Alabama	Sumter County	0
Alabama	Talladega County	0
Alabama	Tallapoosa County	0
Alabama	Tuscaloosa County	6
Alabama	Walker County	0
Alabama	Washington County	0
Alabama	Wilcox County	0
Alabama	Winston County	0
Arizona	Apache County	0
Arizona	Cochise County	2
Arizona	Coconino County	0
Arizona	Gila County	0
Arizona	Graham County	0
Arizona	Greenlee County	0
Arizona	La Paz County	0
Arizona	Maricopa County	0
Arizona	Mohave County	0
Arizona	Navajo County	0
Arizona	Pima County	2
Arizona	Pinal County	0
Arizona	Santa Cruz County	0
Arizona	Yavapai County	0
Arizona	Yuma County	0
Arkansas	Arkansas County	0
Arkansas	Ashley County	2
Arkansas	Baxter County	0
Arkansas	Benton County	12
Arkansas	Boone County	0
Arkansas	Bradley County	0
Arkansas	Calhoun County	0
Arkansas	Carroll County	16
Arkansas	Chicot County	0
Arkansas	Clark County	0
Arkansas	Clay County	0
Arkansas	Cleburne County	0
Arkansas	Cleveland County	0
Arkansas	Columbia County	0
Arkansas	Conway County	0
Arkansas	Craighead County	0
Arkansas	Crawford County	0
Arkansas	Crittenden County	0
Arkansas	Cross County	4
Arkansas	Dallas County	0
Arkansas	Desha County	0
Arkansas	Drew County	0
Arkansas	Faulkner County	0
Arkansas	Franklin County	0
Arkansas	Fulton County	0
Arkansas	Garland County	0
Arkansas	Grant County	0
Arkansas	Greene County	0
Arkansas	Hempstead County	8
Arkansas	Hot Spring County	0
Arkansas	Howard County	0
Arkansas	Independence County	0
Arkansas	Izard County	8
Arkansas	Jackson County	0
Arkansas	Jefferson County	0
Arkansas	Johnson County	0
Arkansas	Lafayette County	0
Arkansas	Lawrence County	0
Arkansas	Lee County	0
Arkansas	Lincoln County	0
Arkansas	Little River County	0
Arkansas	Logan County	4
Arkansas	Lonoke County	0
Arkansas	Madison County	0
Arkansas	Marion County	0
Arkansas	Miller County	0
Arkansas	Mississippi County	0
Arkansas	Monroe County	0
Arkansas	Montgomery County	0
Arkansas	Nevada County	0
Arkansas	Newton County	2
Arkansas	Ouachita County	0
Arkansas	Perry County	0
Arkansas	Phillips County	6
Arkansas	Pike County	0
Arkansas	Poinsett County	0
Arkansas	Polk County	0
Arkansas	Pope County	4
Arkansas	Prairie County	2
Arkansas	Pulaski County	0
Arkansas	Randolph County	0
Arkansas	Saline County	0
Arkansas	Scott County	0
Arkansas	Searcy County	0
Arkansas	Sebastian County	0
Arkansas	Sevier County	0
Arkansas	Sharp County	4
Arkansas	St. Francis County	0
Arkansas	Stone County	2
Arkansas	Union County	0
Arkansas	Van Buren County	2
Arkansas	Washington County	4
Arkansas	White County	0
Arkansas	Woodruff County	0
Arkansas	Yell County	0
California	Alameda County	0
California	Alpine County	0
California	Amador County	0
California	Butte County	2
California	Calaveras County	0
California	Colusa County	0
California	Contra Costa County	0
California	Del Norte County	0
California	El Dorado County	0
California	Fresno County	0
California	Glenn County	0
California	Humboldt County	0
California	Imperial County	0
California	Inyo County	0
California	Kern County	0
California	Kings County	0
California	Lake County	0
California	Lassen County	0
California	Los Angeles County	0
California	Madera County	0
California	Marin County	0
California	Mariposa County	0
California	Mendocino County	0
California	Merced County	0
California	Modoc County	0
California	Mono County	0
California	Monterey County	0
California	Napa County	0
California	Nevada County	0
California	Orange County	0
California	Placer County	0
California	Plumas County	0
California	Riverside County	0
California	Sacramento County	0
California	San Benito County	0
California	San Bernardino County	0
California	San Diego County	0
California	San Francisco County	0
California	San Joaquin County	0
California	San Luis Obispo County	0
California	San Mateo County	0
California	Santa Barbara County	0
California	Santa Clara County	0
California	Santa Cruz County	0
California	Shasta County	0
California	Sierra County	0
California	Siskiyou County	0
California	Solano County	0
California	Sonoma County	0
California	Stanislaus County	0
California	Sutter County	0
California	Tehama County	0
California	Trinity County	0
California	Tulare County	0
California	Tuolumne County	0
California	Ventura County	0
California	Yolo County	0
California	Yuba County	0
Colorado	Adams County	0
Colorado	Alamosa County	0
Colorado	Arapahoe County	0
Colorado	Archuleta County	0
Colorado	Baca County	0
Colorado	Bent County	0
Colorado	Boulder County	0
Colorado	Broomfield County	0
Colorado	Chaffee County	0
Colorado	Cheyenne County	0
Colorado	Clear Creek County	0
Colorado	Conejos County	0
Colorado	Costilla County	0
Colorado	Crowley County	0
Colorado	Custer County	0
Colorado	Delta County	0
Colorado	Denver County	0
Colorado	Dolores County	0
Colorado	Douglas County	0
Colorado	Eagle County	0
Colorado	El Paso County	0
Colorado	Elbert County	0
Colorado	Fremont County	0
Colorado	Garfield County	0
Colorado	Gilpin County	0
Colorado	Grand County	0
Colorado	Gunnison County	0
Colorado	Hinsdale County	0
Colorado	Huerfano County	0
Colorado	Jackson County	0
Colorado	Jefferson County	0
Colorado	Kiowa County	0
Colorado	Kit Carson County	0
Colorado	La Plata County	0
Colorado	Lake County	0
Colorado	Larimer County	0
Colorado	Las Animas County	0
Colorado	Lincoln County	0
Colorado	Logan County	0
Colorado	Mesa County	0
Colorado	Mineral County	0
Colorado	Moffat County	0
Colorado	Montezuma County	0
Colorado	Montrose County	0
Colorado	Morgan County	0
Colorado	Otero County	0
Colorado	Ouray County	0
Colorado	Park County	0
Colorado	Phillips County	0
Colorado	Pitkin County	0
Colorado	Prowers County	0
Colorado	Pueblo County	0
Colorado	Rio Blanco County	0
Colorado	Rio Grande County	0
Colorado	Routt County	0
Colorado	Saguache County	0
Colorado	San Juan County	0
Colorado	San Miguel County	0
Colorado	Sedgwick County	0
Colorado	Summit County	0
Colorado	Teller County	0
Colorado	Washington County	0
Colorado	Weld County	0
Colorado	Yuma County	0
Connecticut	Capitol Planning Region	0
Connecticut	Greater Bridgeport Planning Region	0
Connecticut	Lower Connecticut River Valley Planning Region	0
Connecticut	Naugatuck Valley Planning Region	0
Connecticut	Northeastern Connecticut Planning Region	0
Connecticut	Northwest Hills Planning Region	0
Connecticut	South Central Connecticut Planning Region	0
Connecticut	Southeastern Connecticut Planning Region	0
Connecticut	Western Connecticut Planning Region	0
Delaware	Kent County	0
Delaware	New Castle County	0
Delaware	Sussex County	0
District of Columbia	District of Columbia	0
Florida	Alachua County	0
Florida	Baker County	0
Florida	Bay County	0
Florida	Bradford County	0
Florida	Brevard County	0
Florida	Broward County	0
Florida	Calhoun County	0
Florida	Charlotte County	0
Florida	Citrus County	0
Florida	Clay County	0
Florida	Collier County	0
Florida	Columbia County	0
Florida	DeSoto County	0
Florida	Dixie County	0
Florida	Duval County	0
Florida	Escambia County	0
Florida	Flagler County	0
Florida	Franklin County	0
Florida	Gadsden County	26
Florida	Gilchrist County	0
Florida	Glades County	0
Florida	Gulf County	0
Florida	Hamilton County	0
Florida	Hardee County	0
Florida	Hendry County	0
Florida	Hernando County	2
Florida	Highlands County	0
Florida	Hillsborough County	0
Florida	Holmes County	0
Florida	Indian River County	0
Florida	Jackson County	4
Florida	Jefferson County	0
Florida	Lafayette County	0
Florida	Lake County	0
Florida	Lee County	0
Florida	Leon County	2
Florida	Levy County	0
Florida	Liberty County	2
Florida	Madison County	0
Florida	Manatee County	0
Florida	Marion County	0
Florida	Martin County	0
Florida	Miami-Dade County	0
Florida	Monroe County	0
Florida	Nassau County	0
Florida	Okaloosa County	0
Florida	Okeechobee County	0
Florida	Orange County	0
Florida	Osceola County	0
Florida	Palm Beach County	0
Florida	Pasco County	0
Florida	Pinellas County	0
Florida	Polk County	0
Florida	Putnam County	0
Florida	Santa Rosa County	0
Florida	Sarasota County	0
Florida	Seminole County	0
Florida	St. Johns County	0
Florida	St. Lucie County	0
Florida	Sumter County	0
Florida	Suwannee County	0
Florida	Taylor County	0
Florida	Union County	0
Florida	Volusia County	0
Florida	Wakulla County	2
Florida	Walton County	0
Florida	Washington County	0
Georgia	Appling County	0
Georgia	Atkinson County	0
Georgia	Bacon County	0
Georgia	Baker County	0
Georgia	Baldwin County	4
Georgia	Banks County	0
Georgia	Barrow County	0
Georgia	Bartow County	4
Georgia	Ben Hill County	0
Georgia	Berrien County	0
Georgia	Bibb County	2
Georgia	Bleckley County	0
Georgia	Brantley County	0
Georgia	Brooks County	0
Georgia	Bryan County	2
Georgia	Bulloch County	12
Georgia	Burke County	0
Georgia	Butts County	0
Georgia	Calhoun County	4
Georgia	Camden County	0
Georgia	Candler County	0
Georgia	Carroll County	0
Georgia	Catoosa County	12
Georgia	Charlton County	0
Georgia	Chatham County	0
Georgia	Chattahoochee County	0
Georgia	Chattooga County	0
Georgia	Cherokee County	0
Georgia	Clarke County	2
Georgia	Clay County	0
Georgia	Clayton County	0
Georgia	Clinch County	0
Georgia	Cobb County	0
Georgia	Coffee County	0
Georgia	Colquitt County	0
Georgia	Columbia County	0
Georgia	Cook County	0
Georgia	Coweta County	0
Georgia	Crawford County	0
Georgia	Crisp County	0
Georgia	Dade County	6
Georgia	Dawson County	2
Georgia	DeKalb County	4
Georgia	Decatur County	2
Georgia	Dodge County	0
Georgia	Dooly County	0
Georgia	Dougherty County	6
Georgia	Douglas County	0
Georgia	Early County	0
Georgia	Echols County	0
Georgia	Effingham County	0
Georgia	Elbert County	4
Georgia	Emanuel County	0
Georgia	Evans County	0
Georgia	Fannin County	2
Georgia	Fayette County	0
Georgia	Floyd County	18
Georgia	Forsyth County	0
Georgia	Franklin County	0
Georgia	Fulton County	2
Georgia	Gilmer County	0
Georgia	Glascock County	0
Georgia	Glynn County	0
Georgia	Gordon County	0
Georgia	Grady County	0
Georgia	Greene County	0
Georgia	Gwinnett County	10
Georgia	Habersham County	2
Georgia	Hall County	0
Georgia	Hancock County	0
Georgia	Haralson County	0
Georgia	Harris County	0
Georgia	Hart County	0
Georgia	Heard County	0
Georgia	Henry County	0
Georgia	Houston County	4
Georgia	Irwin County	0
Georgia	Jackson County	0
Georgia	Jasper County	0
Georgia	Jeff Davis County	0
Georgia	Jefferson County	0
Georgia	Jenkins County	0
Georgia	Johnson County	0
Georgia	Jones County	0
Georgia	Lamar County	0
Georgia	Lanier County	0
Georgia	Laurens County	0
Georgia	Lee County	0
Georgia	Liberty County	0
Georgia	Lincoln County	0
Georgia	Long County	0
Georgia	Lowndes County	6
Georgia	Lumpkin County	0
Georgia	Macon County	0
Georgia	Madison County	0
Georgia	Marion County	0
Georgia	McDuffie County	0
Georgia	McIntosh County	0
Georgia	Meriwether County	2
Georgia	Miller County	0
Georgia	Mitchell County	2
Georgia	Monroe County	0
Georgia	Montgomery County	0
Georgia	Morgan County	0
Georgia	Murray County	4
Georgia	Muscogee County	4
Georgia	Newton County	6
Georgia	Oconee County	0
Georgia	Oglethorpe County	0
Georgia	Paulding County	0
Georgia	Peach County	0
Georgia	Pickens County	0
Georgia	Pierce County	0
Georgia	Pike County	0
Georgia	Polk County	0
Georgia	Pulaski County	0
Georgia	Putnam County	0
Georgia	Quitman County	0
Georgia	Rabun County	8
Georgia	Randolph County	2
Georgia	Richmond County	0
Georgia	Rockdale County	2
Georgia	Schley County	0
Georgia	Screven County	0
Georgia	Seminole County	0
Georgia	Spalding County	0
Georgia	Stephens County	0
Georgia	Stewart County	0
Georgia	Sumter County	4
Georgia	Talbot County	4
Georgia	Taliaferro County	0
Georgia	Tattnall County	0
Georgia	Taylor County	0
Georgia	Telfair County	0
Georgia	Terrell County	0
Georgia	Thomas County	0
Georgia	Tift County	0
Georgia	Toombs County	0
Georgia	Towns County	6
Georgia	Treutlen County	0
Georgia	Troup County	0
Georgia	Turner County	0
Georgia	Twiggs County	0
Georgia	Union County	0
Georgia	Upson County	0
Georgia	Walker County	4
Georgia	Walton County	2
Georgia	Ware County	0
Georgia	Warren County	0
Georgia	Washington County	0
Georgia	Wayne County	0
Georgia	Webster County	0
Georgia	Wheeler County	0
Georgia	White County	0
Georgia	Whitfield County	8
Georgia	Wilcox County	0
Georgia	Wilkes County	0
Georgia	Wilkinson County	0
Georgia	Worth County	0
Idaho	Ada County	0
Idaho	Adams County	0
Idaho	Bannock County	0
Idaho	Bear Lake County	0
Idaho	Benewah County	0
Idaho	Bingham County	0
Idaho	Blaine County	0
Idaho	Boise County	0
Idaho	Bonner County	0
Idaho	Bonneville County	0
Idaho	Boundary County	0
Idaho	Butte County	0
Idaho	Camas County	0
Idaho	Canyon County	0
Idaho	Caribou County	0
Idaho	Cassia County	0
Idaho	Clark County	0
Idaho	Clearwater County	0
Idaho	Custer County	0
Idaho	Elmore County	0
Idaho	Franklin County	0
Idaho	Fremont County	0
Idaho	Gem County	0
Idaho	Gooding County	0
Idaho	Idaho County	0
Idaho	Jefferson County	0
Idaho	Jerome County	0
Idaho	Kootenai County	0
Idaho	Latah County	0
Idaho	Lemhi County	0
Idaho	Lewis County	0
Idaho	Lincoln County	0
Idaho	Madison County	0
Idaho	Minidoka County	0
Idaho	Nez Perce County	0
Idaho	Oneida County	0
Idaho	Owyhee County	0
Idaho	Payette County	0
Idaho	Power County	0
Idaho	Shoshone County	0
Idaho	Teton County	0
Idaho	Twin Falls County	0
Idaho	Valley County	0
Idaho	Washington County	0
Illinois	Adams County	0
Illinois	Alexander County	8
Illinois	Bond County	0
Illinois	Boone County	0
Illinois	Brown County	0
Illinois	Bureau County	0
Illinois	Calhoun County	0
Illinois	Carroll County	0
Illinois	Cass County	0
Illinois	Champaign County	2
Illinois	Christian County	0
Illinois	Clark County	0
Illinois	Clay County	0
Illinois	Clinton County	0
Illinois	Coles County	0
Illinois	Cook County	8
Illinois	Crawford County	0
Illinois	Cumberland County	0
Illinois	De Witt County	0
Illinois	DeKalb County	0
Illinois	Douglas County	0
Illinois	DuPage County	6
Illinois	Edgar County	0
Illinois	Edwards County	2
Illinois	Effingham County	0
Illinois	Fayette County	0
Illinois	Ford County	0
Illinois	Franklin County	0
Illinois	Fulton County	0
Illinois	Gallatin County	2
Illinois	Greene County	0
Illinois	Grundy County	0
Illinois	Hamilton County	0
Illinois	Hancock County	0
Illinois	Hardin County	4
Illinois	Henderson County	0
Illinois	Henry County	0
Illinois	Iroquois County	0
Illinois	Jackson County	6
Illinois	Jasper County	0
Illinois	Jefferson County	0
Illinois	Jersey County	0
Illinois	Jo Daviess County	2
Illinois	Johnson County	16
Illinois	Kane County	2
Illinois	Kankakee County	0
Illinois	Kendall County	0
Illinois	Knox County	0
Illinois	LaSalle County	0
Illinois	Lake County	0
Illinois	Lawrence County	0
Illinois	Lee County	0
Illinois	Livingston County	0
Illinois	Logan County	0
Illinois	Macon County	0
Illinois	Macoupin County	0
Illinois	Madison County	0
Illinois	Marion County	0
Illinois	Marshall County	0
Illinois	Mason County	0
Illinois	Massac County	0
Illinois	McDonough County	0
Illinois	McHenry County	0
Illinois	McLean County	0
Illinois	Menard County	0
Illinois	Mercer County	0
Illinois	Monroe County	2
Illinois	Montgomery County	0
Illinois	Morgan County	0
Illinois	Moultrie County	0
Illinois	Ogle County	0
Illinois	Peoria County	0
Illinois	Perry County	0
Illinois	Piatt County	0
Illinois	Pike County	0
Illinois	Pope County	6
Illinois	Pulaski County	6
Illinois	Putnam County	2
Illinois	Randolph County	0
Illinois	Richland County	56
Illinois	Rock Island County	0
Illinois	Saline County	0
Illinois	Sangamon County	0
Illinois	Schuyler County	0
Illinois	Scott County	0
Illinois	Shelby County	0
Illinois	St. Clair County	0
Illinois	Stark County	0
Illinois	Stephenson County	0
Illinois	Tazewell County	0
Illinois	Union County	4
Illinois	Vermilion County	2
Illinois	Wabash County	0
Illinois	Warren County	0
Illinois	Washington County	0
Illinois	Wayne County	0
Illinois	White County	0
Illinois	Whiteside County	0
Illinois	Will County	4
Illinois	Williamson County	2
Illinois	Winnebago County	0
Illinois	Woodford County	0
Indiana	Adams County	2
Indiana	Allen County	0
Indiana	Bartholomew County	0
Indiana	Benton County	0
Indiana	Blackford County	0
Indiana	Boone County	0
Indiana	Brown County	2
Indiana	Carroll County	2
Indiana	Cass County	2
Indiana	Clark County	4
Indiana	Clay County	0
Indiana	Clinton County	0
Indiana	Crawford County	2
Indiana	Daviess County	2
Indiana	DeKalb County	0
Indiana	Dearborn County	0
Indiana	Decatur County	0
Indiana	Delaware County	4
Indiana	Dubois County	0
Indiana	Elkhart County	0
Indiana	Fayette County	0
Indiana	Floyd County	0
Indiana	Fountain County	2
Indiana	Franklin County	0
Indiana	Fulton County	0
Indiana	Gibson County	20
Indiana	Grant County	0
Indiana	Greene County	0
Indiana	Hamilton County	0
Indiana	Hancock County	0
Indiana	Harrison County	4
Indiana	Hendricks County	2
Indiana	Henry County	8
Indiana	Howard County	2
Indiana	Huntington County	4
Indiana	Jackson County	2
Indiana	Jasper County	0
Indiana	Jay County	2
Indiana	Jefferson County	0
Indiana	Jennings County	4
Indiana	Johnson County	0
Indiana	Knox County	0
Indiana	Kosciusko County	0
Indiana	LaGrange County	0
Indiana	LaPorte County	2
Indiana	Lake County	0
Indiana	Lawrence County	12
Indiana	Madison County	0
Indiana	Marion County	2
Indiana	Marshall County	4
Indiana	Martin County	10
Indiana	Miami County	4
Indiana	Monroe County	2
Indiana	Montgomery County	4
Indiana	Morgan County	0
Indiana	Newton County	0
Indiana	Noble County	0
Indiana	Ohio County	0
Indiana	Orange County	0
Indiana	Owen County	0
Indiana	Parke County	4
Indiana	Perry County	16
Indiana	Pike County	2
Indiana	Porter County	0
Indiana	Posey County	16
Indiana	Pulaski County	0
Indiana	Putnam County	0
Indiana	Randolph County	2
Indiana	Ripley County	4
Indiana	Rush County	2
Indiana	Scott County	0
Indiana	Shelby County	4
Indiana	Spencer County	0
Indiana	St. Joseph County	2
Indiana	Starke County	0
Indiana	Steuben County	0
Indiana	Sullivan County	12
Indiana	Switzerland County	6
Indiana	Tippecanoe County	0
Indiana	Tipton County	0
Indiana	Union County	0
Indiana	Vanderburgh County	8
Indiana	Vermillion County	0
Indiana	Vigo County	2
Indiana	Wabash County	2
Indiana	Warren County	0
Indiana	Warrick County	2
Indiana	Washington County	2
Indiana	Wayne County	4
Indiana	Wells County	2
Indiana	White County	0
Indiana	Whitley County	4
Iowa	Adair County	0
Iowa	Adams County	0
Iowa	Allamakee County	0
Iowa	Appanoose County	0
Iowa	Audubon County	0
Iowa	Benton County	0
Iowa	Black Hawk County	0
Iowa	Boone County	0
Iowa	Bremer County	0
Iowa	Buchanan County	0
Iowa	Buena Vista County	0
Iowa	Butler County	0
Iowa	Calhoun County	0
Iowa	Carroll County	0
Iowa	Cass County	0
Iowa	Cedar County	0
Iowa	Cerro Gordo County	0
Iowa	Cherokee County	0
Iowa	Chickasaw County	0
Iowa	Clarke County	0
Iowa	Clay County	4
Iowa	Clayton County	2
Iowa	Clinton County	0
Iowa	Crawford County	0
Iowa	Dallas County	0
Iowa	Davis County	0
Iowa	Decatur County	0
Iowa	Delaware County	0
Iowa	Des Moines County	2
Iowa	Dickinson County	2
Iowa	Dubuque County	0
Iowa	Emmet County	0
Iowa	Fayette County	6
Iowa	Floyd County	0
Iowa	Franklin County	0
Iowa	Fremont County	0
Iowa	Greene County	0
Iowa	Grundy County	0
Iowa	Guthrie County	0
Iowa	Hamilton County	0
Iowa	Hancock County	0
Iowa	Hardin County	4
Iowa	Harrison County	0
Iowa	Henry County	0
Iowa	Howard County	0
Iowa	Humboldt County	0
Iowa	Ida County	0
Iowa	Iowa County	0
Iowa	Jackson County	0
Iowa	Jasper County	0
Iowa	Jefferson County	4
Iowa	Johnson County	0
Iowa	Jones County	0
Iowa	Keokuk County	0
Iowa	Kossuth County	0
Iowa	Lee County	2
Iowa	Linn County	0
Iowa	Louisa County	2
Iowa	Lucas County	0
Iowa	Lyon County	0
Iowa	Madison County	0
Iowa	Mahaska County	0
Iowa	Marion County	0
Iowa	Marshall County	0
Iowa	Mills County	0
Iowa	Mitchell County	0
Iowa	Monona County	0
Iowa	Monroe County	0
Iowa	Montgomery County	0
Iowa	Muscatine County	0
Iowa	O'Brien County	0
Iowa	Osceola County	0
Iowa	Page County	0
Iowa	Palo Alto County	0
Iowa	Plymouth County	0
Iowa	Pocahontas County	0
Iowa	Polk County	0
Iowa	Pottawattamie County	0
Iowa	Poweshiek County	0
Iowa	Ringgold County	0
Iowa	Sac County	0
Iowa	Scott County	0
Iowa	Shelby County	0
Iowa	Sioux County	0
Iowa	Story County	0
Iowa	Tama County	0
Iowa	Taylor County	0
Iowa	Union County	0
Iowa	Van Buren County	0
Iowa	Wapello County	0
Iowa	Warren County	0
Iowa	Washington County	0
Iowa	Wayne County	0
Iowa	Webster County	0
Iowa	Winnebago County	0
Iowa	Winneshiek County	0
Iowa	Woodbury County	0
Iowa	Worth County	0
Iowa	Wright County	0
Kansas	Allen County	0
Kansas	Anderson County	0
Kansas	Atchison County	0
Kansas	Barber County	0
Kansas	Barton County	0
Kansas	Bourbon County	0
Kansas	Brown County	0
Kansas	Butler County	0
Kansas	Chase County	0
Kansas	Chautauqua County	0
Kansas	Cherokee County	10
Kansas	Cheyenne County	0
Kansas	Clark County	0
Kansas	Clay County	0
Kansas	Cloud County	0
Kansas	Coffey County	0
Kansas	Comanche County	0
Kansas	Cowley County	0
Kansas	Crawford County	4
Kansas	Decatur County	0
Kansas	Dickinson County	0
Kansas	Doniphan County	0
Kansas	Douglas County	0
Kansas	Edwards County	0
Kansas	Elk County	0
Kansas	Ellis County	0
Kansas	Ellsworth County	0
Kansas	Finney County	0
Kansas	Ford County	0
Kansas	Franklin County	0
Kansas	Geary County	0
Kansas	Gove County	0
Kansas	Graham County	0
Kansas	Grant County	0
Kansas	Gray County	0
Kansas	Greeley County	0
Kansas	Greenwood County	0
Kansas	Hamilton County	0
Kansas	Harper County	0
Kansas	Harvey County	0
Kansas	Haskell County	0
Kansas	Hodgeman County	0
Kansas	Jackson County	0
Kansas	Jefferson County	0
Kansas	Jewell County	0
Kansas	Johnson County	0
Kansas	Kearny County	0
Kansas	Kingman County	0
Kansas	Kiowa County	0
Kansas	Labette County	0
Kansas	Lane County	0
Kansas	Leavenworth County	0
Kansas	Lincoln County	0
Kansas	Linn County	2
Kansas	Logan County	0
Kansas	Lyon County	0
Kansas	Marion County	0
Kansas	Marshall County	0
Kansas	McPherson County	0
Kansas	Meade County	0
Kansas	Miami County	0
Kansas	Mitchell County	0
Kansas	Montgomery County	0
Kansas	Morris County	0
Kansas	Morton County	0
Kansas	Nemaha County	0
Kansas	Neosho County	0
Kansas	Ness County	0
Kansas	Norton County	0
Kansas	Osage County	0
Kansas	Osborne County	0
Kansas	Ottawa County	0
Kansas	Pawnee County	0
Kansas	Phillips County	0
Kansas	Pottawatomie County	0
Kansas	Pratt County	0
Kansas	Rawlins County	0
Kansas	Reno County	0
Kansas	Republic County	0
Kansas	Rice County	0
Kansas	Riley County	0
Kansas	Rooks County	0
Kansas	Rush County	0
Kansas	Russell County	0
Kansas	Saline County	0
Kansas	Scott County	0
Kansas	Sedgwick County	0
Kansas	Seward County	0
Kansas	Shawnee County	0
Kansas	Sheridan County	0
Kansas	Sherman County	0
Kansas	Smith County	0
Kansas	Stafford County	0
Kansas	Stanton County	0
Kansas	Stevens County	0
Kansas	Sumner County	0
Kansas	Thomas County	0
Kansas	Trego County	0
Kansas	Wabaunsee County	0
Kansas	Wallace County	0
Kansas	Washington County	0
Kansas	Wichita County	0
Kansas	Wilson County	0
Kansas	Woodson County	0
Kansas	Wyandotte County	0
Kentucky	Adair County	0
Kentucky	Allen County	0
Kentucky	Anderson County	0
Kentucky	Ballard County	2
Kentucky	Barren County	0
Kentucky	Bath County	0
Kentucky	Bell County	0
Kentucky	Boone County	0
Kentucky	Bourbon County	0
Kentucky	Boyd County	8
Kentucky	Boyle County	0
Kentucky	Bracken County	0
Kentucky	Breathitt County	4
Kentucky	Breckinridge County	0
Kentucky	Bullitt County	0
Kentucky	Butler County	0
Kentucky	Caldwell County	2
Kentucky	Calloway County	0
Kentucky	Campbell County	0
Kentucky	Carlisle County	2
Kentucky	Carroll County	0
Kentucky	Carter County	4
Kentucky	Casey County	0
Kentucky	Christian County	4
Kentucky	Clark County	4
Kentucky	Clay County	0
Kentucky	Clinton County	0
Kentucky	Crittenden County	0
Kentucky	Cumberland County	0
Kentucky	Daviess County	0
Kentucky	Edmonson County	2
Kentucky	Elliott County	0
Kentucky	Estill County	0
Kentucky	Fayette County	2
Kentucky	Fleming County	0
Kentucky	Floyd County	0
Kentucky	Franklin County	0
Kentucky	Fulton County	0
Kentucky	Gallatin County	0
Kentucky	Garrard County	0
Kentucky	Grant County	0
Kentucky	Graves County	0
Kentucky	Grayson County	0
Kentucky	Green County	0
Kentucky	Greenup County	0
Kentucky	Hancock County	0
Kentucky	Hardin County	0
Kentucky	Harlan County	12
Kentucky	Harrison County	0
Kentucky	Hart County	0
Kentucky	Henderson County	0
Kentucky	Henry County	0
Kentucky	Hickman County	0
Kentucky	Hopkins County	0
Kentucky	Jackson County	0
Kentucky	Jefferson County	0
Kentucky	Jessamine County	0
Kentucky	Johnson County	0
Kentucky	Kenton County	0
Kentucky	Knott County	0
Kentucky	Knox County	2
Kentucky	Larue County	0
Kentucky	Laurel County	0
Kentucky	Lawrence County	0
Kentucky	Lee County	0
Kentucky	Leslie County	0
Kentucky	Letcher County	2
Kentucky	Lewis County	0
Kentucky	Lincoln County	0
Kentucky	Livingston County	0
Kentucky	Logan County	0
Kentucky	Lyon County	6
Kentucky	Madison County	4
Kentucky	Magoffin County	0
Kentucky	Marion County	0
Kentucky	Marshall County	0
Kentucky	Martin County	0
Kentucky	Mason County	0
Kentucky	McCracken County	0
Kentucky	McCreary County	0
Kentucky	McLean County	0
Kentucky	Meade County	0
Kentucky	Menifee County	2
Kentucky	Mercer County	0
Kentucky	Metcalfe County	0
Kentucky	Monroe County	0
Kentucky	Montgomery County	2
Kentucky	Morgan County	0
Kentucky	Muhlenberg County	4
Kentucky	Nelson County	0
Kentucky	Nicholas County	0
Kentucky	Ohio County	0
Kentucky	Oldham County	0
Kentucky	Owen County	0
Kentucky	Owsley County	0
Kentucky	Pendleton County	0
Kentucky	Perry County	0
Kentucky	Pike County	2
Kentucky	Powell County	0
Kentucky	Pulaski County	0
Kentucky	Robertson County	0
Kentucky	Rockcastle County	2
Kentucky	Rowan County	0
Kentucky	Russell County	2
Kentucky	Scott County	0
Kentucky	Shelby County	0
Kentucky	Simpson County	0
Kentucky	Spencer County	0
Kentucky	Taylor County	0
Kentucky	Todd County	0
Kentucky	Trigg County	0
Kentucky	Trimble County	2
Kentucky	Union County	2
Kentucky	Warren County	0
Kentucky	Washington County	0
Kentucky	Wayne County	4
Kentucky	Webster County	0
Kentucky	Whitley County	0
Kentucky	Wolfe County	0
Kentucky	Woodford County	0
Louisiana	Acadia Parish	0
Louisiana	Allen Parish	0
Louisiana	Ascension Parish	0
Louisiana	Assumption Parish	0
Louisiana	Avoyelles Parish	0
Louisiana	Beauregard Parish	0
Louisiana	Bienville Parish	2
Louisiana	Bossier Parish	0
Louisiana	Caddo Parish	0
Louisiana	Calcasieu Parish	0
Louisiana	Caldwell Parish	2
Louisiana	Cameron Parish	0
Louisiana	Catahoula Parish	0
Louisiana	Claiborne Parish	2
Louisiana	Concordia Parish	0
Louisiana	De Soto Parish	0
Louisiana	East Baton Rouge Parish	0
Louisiana	East Carroll Parish	0
Louisiana	East Feliciana Parish	0
Louisiana	Evangeline Parish	0
Louisiana	Franklin Parish	0
Louisiana	Grant Parish	0
Louisiana	Iberia Parish	0
Louisiana	Iberville Parish	0
Louisiana	Jackson Parish	0
Louisiana	Jefferson Davis Parish	0
Louisiana	Jefferson Parish	0
Louisiana	LaSalle Parish	0
Louisiana	Lafayette Parish	0
Louisiana	Lafourche Parish	0
Louisiana	Lincoln Parish	4
Louisiana	Livingston Parish	0
Louisiana	Madison Parish	0
Louisiana	Morehouse Parish	0
Louisiana	Natchitoches Parish	0
Louisiana	Orleans Parish	0
Louisiana	Ouachita Parish	0
Louisiana	Plaquemines Parish	0
Louisiana	Pointe Coupee Parish	0
Louisiana	Rapides Parish	0
Louisiana	Red River Parish	0
Louisiana	Richland Parish	0
Louisiana	Sabine Parish	2
Louisiana	St. Bernard Parish	0
Louisiana	St. Charles Parish	0
Louisiana	St. Helena Parish	0
Louisiana	St. James Parish	0
Louisiana	St. John the Baptist Parish	0
Louisiana	St. Landry Parish	0
Louisiana	St. Martin Parish	0
Louisiana	St. Mary Parish	0
Louisiana	St. Tammany Parish	0
Louisiana	Tangipahoa Parish	0
Louisiana	Tensas Parish	0
Louisiana	Terrebonne Parish	0
Louisiana	Union Parish	0
Louisiana	Vermilion Parish	0
Louisiana	Vernon Parish	0
Louisiana	Washington Parish	0
Louisiana	Webster Parish	0
Louisiana	West Baton Rouge Parish	0
Louisiana	West Carroll Parish	0
Louisiana	West Feliciana Parish	0
Louisiana	Winn Parish	2
Maine	Androscoggin County	0
Maine	Aroostook County	4
Maine	Cumberland County	16
Maine	Franklin County	2
Maine	Hancock County	6
Maine	Kennebec County	6
Maine	Knox County	2
Maine	Lincoln County	0
Maine	Oxford County	8
Maine	Penobscot County	6
Maine	Piscataquis County	8
Maine	Sagadahoc County	0
Maine	Somerset County	8
Maine	Waldo County	0
Maine	Washington County	6
Maine	York County	8
Maryland	Allegany County	2
Maryland	Anne Arundel County	2
Maryland	Baltimore County	0
Maryland	Baltimore city	0
Maryland	Calvert County	0
Maryland	Caroline County	0
Maryland	Carroll County	0
Maryland	Cecil County	0
Maryland	Charles County	0
Maryland	Dorchester County	0
Maryland	Frederick County	0
Maryland	Garrett County	0
Maryland	Harford County	0
Maryland	Howard County	0
Maryland	Kent County	0
Maryland	Montgomery County	0
Maryland	Prince George's County	0
Maryland	Queen Anne's County	0
Maryland	Somerset County	0
Maryland	St. Mary's County	0
Maryland	Talbot County	0
Maryland	Washington County	0
Maryland	Wicomico County	0
Maryland	Worcester County	0
Massachusetts	Barnstable County	0
Massachusetts	Berkshire County	20
Massachusetts	Bristol County	10
Massachusetts	Dukes County	0
Massachusetts	Essex County	4
Massachusetts	Franklin County	22
Massachusetts	Hampden County	4
Massachusetts	Hampshire County	8
Massachusetts	Middlesex County	64
Massachusetts	Nantucket County	0
Massachusetts	Norfolk County	22
Massachusetts	Plymouth County	4
Massachusetts	Suffolk County	28
Massachusetts	Worcester County	14
Michigan	Alcona County	0
Michigan	Alger County	0
Michigan	Allegan County	0
Michigan	Alpena County	0
Michigan	Antrim County	0
Michigan	Arenac County	0
Michigan	Baraga County	6
Michigan	Barry County	0
Michigan	Bay County	0
Michigan	Benzie County	0
Michigan	Berrien County	4
Michigan	Branch County	0
Michigan	Calhoun County	0
Michigan	Cass County	4
Michigan	Charlevoix County	0
Michigan	Cheboygan County	2
Michigan	Chippewa County	0
Michigan	Clare County	0
Michigan	Clinton County	0
Michigan	Crawford County	0
Michigan	Delta County	0
Michigan	Dickinson County	0
Michigan	Eaton County	0
Michigan	Emmet County	2
Michigan	Genesee County	0
Michigan	Gladwin County	0
Michigan	Gogebic County	0
Michigan	Grand Traverse County	0
Michigan	Gratiot County	6
Michigan	Hillsdale County	0
Michigan	Houghton County	2
Michigan	Huron County	0
Michigan	Ingham County	50
Michigan	Ionia County	0
Michigan	Iosco County	0
Michigan	Iron County	0
Michigan	Isabella County	4
Michigan	Jackson County	0
Michigan	Kalamazoo County	0
Michigan	Kalkaska County	0
Michigan	Kent County	0
Michigan	Keweenaw County	0
Michigan	Lake County	0
Michigan	Lapeer County	0
Michigan	Leelanau County	0
Michigan	Lenawee County	0
Michigan	Livingston County	0
Michigan	Luce County	0
Michigan	Mackinac County	6
Michigan	Macomb County	0
Michigan	Manistee County	0
Michigan	Marquette County	2
Michigan	Mason County	0
Michigan	Mecosta County	0
Michigan	Menominee County	0
Michigan	Midland County	0
Michigan	Missaukee County	0
Michigan	Monroe County	0
Michigan	Montcalm County	0
Michigan	Montmorency County	0
Michigan	Muskegon County	2
Michigan	Newaygo County	0
Michigan	Oakland County	4
Michigan	Oceana County	0
Michigan	Ogemaw County	0
Michigan	Ontonagon County	0
Michigan	Osceola County	0
Michigan	Oscoda County	0
Michigan	Otsego County	0
Michigan	Ottawa County	0
Michigan	Presque Isle County	0
Michigan	Roscommon County	0
Michigan	Saginaw County	0
Michigan	Sanilac County	0
Michigan	Schoolcraft County	0
Michigan	Shiawassee County	0
Michigan	St. Clair County	0
Michigan	St. Joseph County	0
Michigan	Tuscola County	0
Michigan	Van Buren County	4
Michigan	Washtenaw County	2
Michigan	Wayne County	0
Michigan	Wexford County	0
Minnesota	Aitkin County	0
Minnesota	Anoka County	0
Minnesota	Becker County	0
Minnesota	Beltrami County	0
Minnesota	Benton County	0
Minnesota	Big Stone County	0
Minnesota	Blue Earth County	0
Minnesota	Brown County	0
Minnesota	Carlton County	0
Minnesota	Carver County	0
Minnesota	Cass County	0
Minnesota	Chippewa County	0
Minnesota	Chisago County	0
Minnesota	Clay County	0
Minnesota	Clearwater County	8
Minnesota	Cook County	4
Minnesota	Cottonwood County	0
Minnesota	Crow Wing County	0
Minnesota	Dakota County	0
Minnesota	Dodge County	0
Minnesota	Douglas County	0
Minnesota	Faribault County	0
Minnesota	Fillmore County	0
Minnesota	Freeborn County	0
Minnesota	Goodhue County	0
Minnesota	Grant County	0
Minnesota	Hennepin County	2
Minnesota	Houston County	0
Minnesota	Hubbard County	0
Minnesota	Isanti County	0
Minnesota	Itasca County	0
Minnesota	Jackson County	0
Minnesota	Kanabec County	0
Minnesota	Kandiyohi County	0
Minnesota	Kittson County	0
Minnesota	Koochiching County	0
Minnesota	Lac qui Parle County	0
Minnesota	Lake County	0
Minnesota	Lake of the Woods County	0
Minnesota	Le Sueur County	0
Minnesota	Lincoln County	0
Minnesota	Lyon County	0
Minnesota	Mahnomen County	0
Minnesota	Marshall County	0
Minnesota	Martin County	0
Minnesota	McLeod County	0
Minnesota	Meeker County	0
Minnesota	Mille Lacs County	0
Minnesota	Morrison County	0
Minnesota	Mower County	0
Minnesota	Murray County	0
Minnesota	Nicollet County	0
Minnesota	Nobles County	0
Minnesota	Norman County	0
Minnesota	Olmsted County	0
Minnesota	Otter Tail County	0
Minnesota	Pennington County	0
Minnesota	Pine County	0
Minnesota	Pipestone County	0
Minnesota	Polk County	0
Minnesota	Pope County	0
Minnesota	Ramsey County	2
Minnesota	Red Lake County	0
Minnesota	Redwood County	0
Minnesota	Renville County	0
Minnesota	Rice County	0
Minnesota	Rock County	0
Minnesota	Roseau County	0
Minnesota	Scott County	0
Minnesota	Sherburne County	0
Minnesota	Sibley County	0
Minnesota	St. Louis County	0
Minnesota	Stearns County	0
Minnesota	Steele County	0
Minnesota	Stevens County	0
Minnesota	Swift County	0
Minnesota	Todd County	0
Minnesota	Traverse County	0
Minnesota	Wabasha County	2
Minnesota	Wadena County	0
Minnesota	Waseca County	0
Minnesota	Washington County	2
Minnesota	Watonwan County	0
Minnesota	Wilkin County	0
Minnesota	Winona County	2
Minnesota	Wright County	0
Minnesota	Yellow Medicine County	0
Mississippi	Adams County	0
Mississippi	Alcorn County	0
Mississippi	Amite County	0
Mississippi	Attala County	0
Mississippi	Benton County	0
Mississippi	Bolivar County	0
Mississippi	Calhoun County	0
Mississippi	Carroll County	0
Mississippi	Chickasaw County	0
Mississippi	Choctaw County	0
Mississippi	Claiborne County	0
Mississippi	Clarke County	0
Mississippi	Clay County	0
Mississippi	Coahoma County	0
Mississippi	Copiah County	0
Mississippi	Covington County	0
Mississippi	DeSoto County	0
Mississippi	Forrest County	0
Mississippi	Franklin County	0
Mississippi	George County	0
Mississippi	Greene County	0
Mississippi	Grenada County	0
Mississippi	Hancock County	0
Mississippi	Harrison County	0
Mississippi	Hinds County	0
Mississippi	Holmes County	0
Mississippi	Humphreys County	0
Mississippi	Issaquena County	0
Mississippi	Itawamba County	0
Mississippi	Jackson County	0
Mississippi	Jasper County	0
Mississippi	Jefferson County	0
Mississippi	Jefferson Davis County	0
Mississippi	Jones County	0
Mississippi	Kemper County	0
Mississippi	Lafayette County	0
Mississippi	Lamar County	0
Mississippi	Lauderdale County	0
Mississippi	Lawrence County	0
Mississippi	Leake County	0
Mississippi	Lee County	0
Mississippi	Leflore County	0
Mississippi	Lincoln County	0
Mississippi	Lowndes County	0
Mississippi	Madison County	0
Mississippi	Marion County	0
Mississippi	Marshall County	0
Mississippi	Monroe County	0
Mississippi	Montgomery County	0
Mississippi	Neshoba County	0
Mississippi	Newton County	0
Mississippi	Noxubee County	0
Mississippi	Oktibbeha County	0
Mississippi	Panola County	0
Mississippi	Pearl River County	0
Mississippi	Perry County	0
Mississippi	Pike County	0
Mississippi	Pontotoc County	2
Mississippi	Prentiss County	0
Mississippi	Quitman County	0
Mississippi	Rankin County	0
Mississippi	Scott County	0
Mississippi	Sharkey County	0
Mississippi	Simpson County	0
Mississippi	Smith County	0
Mississippi	Stone County	0
Mississippi	Sunflower County	0
Mississippi	Tallahatchie County	2
Mississippi	Tate County	0
Mississippi	Tippah County	2
Mississippi	Tishomingo County	0
Mississippi	Tunica County	0
Mississippi	Union County	0
Mississippi	Walthall County	0
Mississippi	Warren County	0
Mississippi	Washington County	0
Mississippi	Wayne County	0
Mississippi	Webster County	0
Mississippi	Wilkinson County	0
Mississippi	Winston County	0
Mississippi	Yalobusha County	0
Mississippi	Yazoo County	0
Missouri	Adair County	2
Missouri	Andrew County	0
Missouri	Atchison County	0
Missouri	Audrain County	0
Missouri	Barry County	18
Missouri	Barton County	0
Missouri	Bates County	0
Missouri	Benton County	8
Missouri	Bollinger County	2
Missouri	Boone County	0
Missouri	Buchanan County	0
Missouri	Butler County	8
Missouri	Caldwell County	0
Missouri	Callaway County	0
Missouri	Camden County	2
Missouri	Cape Girardeau County	6
Missouri	Carroll County	0
Missouri	Carter County	2
Missouri	Cass County	0
Missouri	Cedar County	2
Missouri	Chariton County	0
Missouri	Christian County	2
Missouri	Clark County	4
Missouri	Clay County	0
Missouri	Clinton County	0
Missouri	Cole County	2
Missouri	Cooper County	2
Missouri	Crawford County	0
Missouri	Dade County	0
Missouri	Dallas County	0
Missouri	Daviess County	0
Missouri	DeKalb County	0
Missouri	Dent County	0
Missouri	Douglas County	0
Missouri	Dunklin County	0
Missouri	Franklin County	0
Missouri	Gasconade County	0
Missouri	Gentry County	0
Missouri	Greene County	2
Missouri	Grundy County	2
Missouri	Harrison County	0
Missouri	Henry County	0
Missouri	Hickory County	0
Missouri	Holt County	0
Missouri	Howard County	0
Missouri	Howell County	0
Missouri	Iron County	14
Missouri	Jackson County	10
Missouri	Jasper County	18
Missouri	Jefferson County	8
Missouri	Johnson County	0
Missouri	Knox County	0
Missouri	Laclede County	0
Missouri	Lafayette County	0
Missouri	Lawrence County	0
Missouri	Lewis County	4
Missouri	Lincoln County	2
Missouri	Linn County	0
Missouri	Livingston County	0
Missouri	Macon County	0
Missouri	Madison County	14
Missouri	Maries County	0
Missouri	Marion County	2
Missouri	McDonald County	8
Missouri	Mercer County	0
Missouri	Miller County	2
Missouri	Mississippi County	0
Missouri	Moniteau County	0
Missouri	Monroe County	0
Missouri	Montgomery County	0
Missouri	Morgan County	2
Missouri	New Madrid County	0
Missouri	Newton County	0
Missouri	Nodaway County	0
Missouri	Oregon County	2
Missouri	Osage County	0
Missouri	Ozark County	4
Missouri	Pemiscot County	0
Missouri	Perry County	0
Missouri	Pettis County	8
Missouri	Phelps County	0
Missouri	Pike County	4
Missouri	Platte County	0
Missouri	Polk County	0
Missouri	Pulaski County	0
Missouri	Putnam County	0
Missouri	Ralls County	0
Missouri	Randolph County	0
Missouri	Ray County	0
Missouri	Reynolds County	0
Missouri	Ripley County	0
Missouri	Saline County	0
Missouri	Schuyler County	0
Missouri	Scotland County	0
Missouri	Scott County	4
Missouri	Shannon County	4
Missouri	Shelby County	0
Missouri	St. Charles County	0
Missouri	St. Clair County	0
Missouri	St. Francois County	0
Missouri	St. Louis County	2
Missouri	St. Louis city	0
Missouri	Ste. Genevieve County	0
Missouri	Stoddard County	6
Missouri	Stone County	14
Missouri	Sullivan County	0
Missouri	Taney County	10
Missouri	Texas County	0
Missouri	Vernon County	0
Missouri	Warren County	2
Missouri	Washington County	4
Missouri	Wayne County	16
Missouri	Webster County	0
Missouri	Worth County	0
Missouri	Wright County	0
Montana	Beaverhead County	0
Montana	Big Horn County	0
Montana	Blaine County	0
Montana	Broadwater County	0
Montana	Carbon County	0
Montana	Carter County	0
Montana	Cascade County	0
Montana	Chouteau County	0
Montana	Custer County	0
Montana	Daniels County	0
Montana	Dawson County	0
Montana	Deer Lodge County	0
Montana	Fallon County	0
Montana	Fergus County	0
Montana	Flathead County	0
Montana	Gallatin County	0
Montana	Garfield County	0
Montana	Glacier County	0
Montana	Golden Valley County	0
Montana	Granite County	0
Montana	Hill County	0
Montana	Jefferson County	0
Montana	Judith Basin County	0
Montana	Lake County	0
Montana	Lewis and Clark County	0
Montana	Liberty County	0
Montana	Lincoln County	0
Montana	Madison County	0
Montana	McCone County	0
Montana	Meagher County	0
Montana	Mineral County	0
Montana	Missoula County	0
Montana	Musselshell County	0
Montana	Park County	0
Montana	Petroleum County	0
Montana	Phillips County	0
Montana	Pondera County	0
Montana	Powder River County	0
Montana	Powell County	0
Montana	Prairie County	0
Montana	Ravalli County	0
Montana	Richland County	0
Montana	Roosevelt County	0
Montana	Rosebud County	0
Montana	Sanders County	0
Montana	Sheridan County	0
Montana	Silver Bow County	0
Montana	Stillwater County	0
Montana	Sweet Grass County	0
Montana	Teton County	0
Montana	Toole County	0
Montana	Treasure County	0
Montana	Valley County	0
Montana	Wheatland County	0
Montana	Wibaux County	0
Montana	Yellowstone County	0
Nebraska	Adams County	0
Nebraska	Antelope County	0
Nebraska	Arthur County	0
Nebraska	Banner County	0
Nebraska	Blaine County	0
Nebraska	Boone County	0
Nebraska	Box Butte County	0
Nebraska	Boyd County	0
Nebraska	Brown County	0
Nebraska	Buffalo County	0
Nebraska	Burt County	0
Nebraska	Butler County	0
Nebraska	Cass County	0
Nebraska	Cedar County	0
Nebraska	Chase County	0
Nebraska	Cherry County	0
Nebraska	Cheyenne County	0
Nebraska	Clay County	0
Nebraska	Colfax County	0
Nebraska	Cuming County	0
Nebraska	Custer County	0
Nebraska	Dakota County	0
Nebraska	Dawes County	0
Nebraska	Dawson County	0
Nebraska	Deuel County	0
Nebraska	Dixon County	0
Nebraska	Dodge County	0
Nebraska	Douglas County	0
Nebraska	Dundy County	0
Nebraska	Fillmore County	0
Nebraska	Franklin County	0
Nebraska	Frontier County	0
Nebraska	Furnas County	0
Nebraska	Gage County	0
Nebraska	Garden County	0
Nebraska	Garfield County	0
Nebraska	Gosper County	0
Nebraska	Grant County	0
Nebraska	Greeley County	0
Nebraska	Hall County	0
Nebraska	Hamilton County	0
Nebraska	Harlan County	0
Nebraska	Hayes County	0
Nebraska	Hitchcock County	0
Nebraska	Holt County	0
Nebraska	Hooker County	0
Nebraska	Howard County	0
Nebraska	Jefferson County	0
Nebraska	Johnson County	0
Nebraska	Kearney County	0
Nebraska	Keith County	0
Nebraska	Keya Paha County	0
Nebraska	Kimball County	0
Nebraska	Knox County	0
Nebraska	Lancaster County	0
Nebraska	Lincoln County	0
Nebraska	Logan County	0
Nebraska	Loup County	0
Nebraska	Madison County	0
Nebraska	McPherson County	0
Nebraska	Merrick County	0
Nebraska	Morrill County	0
Nebraska	Nance County	0
Nebraska	Nemaha County	0
Nebraska	Nuckolls County	0
Nebraska	Otoe County	0
Nebraska	Pawnee County	0
Nebraska	Perkins County	0
Nebraska	Phelps County	0
Nebraska	Pierce County	0
Nebraska	Platte County	0
Nebraska	Polk County	0
Nebraska	Red Willow County	0
Nebraska	Richardson County	0
Nebraska	Rock County	0
Nebraska	Saline County	0
Nebraska	Sarpy County	0
Nebraska	Saunders County	0
Nebraska	Scotts Bluff County	0
Nebraska	Seward County	0
Nebraska	Sheridan County	0
Nebraska	Sherman County	0
Nebraska	Sioux County	0
Nebraska	Stanton County	0
Nebraska	Thayer County	0
Nebraska	Thomas County	0
Nebraska	Thurston County	0
Nebraska	Valley County	0
Nebraska	Washington County	0
Nebraska	Wayne County	0
Nebraska	Webster County	0
Nebraska	Wheeler County	0
Nebraska	York County	0
Nevada	Carson City	0
Nevada	Churchill County	0
Nevada	Clark County	0
Nevada	Douglas County	0
Nevada	Elko County	0
Nevada	Esmeralda County	0
Nevada	Eureka County	0
Nevada	Humboldt County	0
Nevada	Lander County	0
Nevada	Lincoln County	0
Nevada	Lyon County	0
Nevada	Mineral County	0
Nevada	Nye County	0
Nevada	Pershing County	0
Nevada	Storey County	0
Nevada	Washoe County	0
Nevada	White Pine County	0
New Hampshire	Belknap County	0
New Hampshire	Carroll County	10
New Hampshire	Cheshire County	32
New Hampshire	Coos County	16
New Hampshire	Grafton County	16
New Hampshire	Hillsborough County	16
New Hampshire	Merrimack County	2
New Hampshire	Rockingham County	6
New Hampshire	Strafford County	10
New Hampshire	Sullivan County	4
New Jersey	Atlantic County	0
New Jersey	Bergen County	2
New Jersey	Burlington County	0
New Jersey	Camden County	0
New Jersey	Cape May County	0
New Jersey	Cumberland County	0
New Jersey	Essex County	0
New Jersey	Gloucester County	0
New Jersey	Hudson County	0
New Jersey	Hunterdon County	2
New Jersey	Mercer County	2
New Jersey	Middlesex County	0
New Jersey	Monmouth County	0
New Jersey	Morris County	2
New Jersey	Ocean County	0
New Jersey	Passaic County	0
New Jersey	Salem County	0
New Jersey	Somerset County	0
New Jersey	Sussex County	12
New Jersey	Union County	0
New Jersey	Warren County	4
New Mexico	Bernalillo County	0
New Mexico	Catron County	0
New Mexico	Chaves County	0
New Mexico	Cibola County	0
New Mexico	Colfax County	0
New Mexico	Curry County	0
New Mexico	De Baca County	0
New Mexico	Do√±a Ana County	0
New Mexico	Eddy County	2
New Mexico	Grant County	0
New Mexico	Guadalupe County	0
New Mexico	Harding County	0
New Mexico	Hidalgo County	0
New Mexico	Lea County	0
New Mexico	Lincoln County	0
New Mexico	Los Alamos County	0
New Mexico	Luna County	0
New Mexico	McKinley County	0
New Mexico	Mora County	0
New Mexico	Otero County	0
New Mexico	Quay County	0
New Mexico	Rio Arriba County	0
New Mexico	Roosevelt County	0
New Mexico	San Juan County	0
New Mexico	San Miguel County	0
New Mexico	Sandoval County	0
New Mexico	Santa Fe County	0
New Mexico	Sierra County	2
New Mexico	Socorro County	0
New Mexico	Taos County	0
New Mexico	Torrance County	0
New Mexico	Union County	0
New Mexico	Valencia County	0
New York	Albany County	2
New York	Allegany County	0
New York	Bronx County	2
New York	Broome County	0
New York	Cattaraugus County	0
New York	Cayuga County	2
New York	Chautauqua County	0
New York	Chemung County	0
New York	Chenango County	2
New York	Clinton County	2
New York	Columbia County	0
New York	Cortland County	2
New York	Delaware County	0
New York	Dutchess County	2
New York	Erie County	0
New York	Essex County	2
New York	Franklin County	2
New York	Fulton County	0
New York	Genesee County	0
New York	Greene County	0
New York	Hamilton County	0
New York	Herkimer County	0
New York	Jefferson County	2
New York	Kings County	0
New York	Lewis County	0
New York	Livingston County	4
New York	Madison County	2
New York	Monroe County	4
New York	Montgomery County	0
New York	Nassau County	0
New York	New York County	0
New York	Niagara County	0
New York	Oneida County	0
New York	Onondaga County	10
New York	Ontario County	0
New York	Orange County	6
New York	Orleans County	0
New York	Oswego County	0
New York	Otsego County	4
New York	Putnam County	0
New York	Queens County	4
New York	Rensselaer County	4
New York	Richmond County	0
New York	Rockland County	2
New York	Saratoga County	0
New York	Schenectady County	0
New York	Schoharie County	0
New York	Schuyler County	0
New York	Seneca County	0
New York	St. Lawrence County	6
New York	Steuben County	0
New York	Suffolk County	0
New York	Sullivan County	6
New York	Tioga County	0
New York	Tompkins County	20
New York	Ulster County	2
New York	Warren County	0
New York	Washington County	4
New York	Wayne County	0
New York	Westchester County	24
New York	Wyoming County	0
New York	Yates County	0
North Carolina	Alamance County	0
North Carolina	Alexander County	0
North Carolina	Alleghany County	0
North Carolina	Anson County	0
North Carolina	Ashe County	8
North Carolina	Avery County	2
North Carolina	Beaufort County	0
North Carolina	Bertie County	0
North Carolina	Bladen County	0
North Carolina	Brunswick County	0
North Carolina	Buncombe County	0
North Carolina	Burke County	0
North Carolina	Cabarrus County	0
North Carolina	Caldwell County	0
North Carolina	Camden County	0
North Carolina	Carteret County	0
North Carolina	Caswell County	0
North Carolina	Catawba County	0
North Carolina	Chatham County	0
North Carolina	Cherokee County	0
North Carolina	Chowan County	0
North Carolina	Clay County	2
North Carolina	Cleveland County	0
North Carolina	Columbus County	0
North Carolina	Craven County	2
North Carolina	Cumberland County	0
North Carolina	Currituck County	0
North Carolina	Dare County	0
North Carolina	Davidson County	0
North Carolina	Davie County	2
North Carolina	Duplin County	0
North Carolina	Durham County	0
North Carolina	Edgecombe County	2
North Carolina	Forsyth County	0
North Carolina	Franklin County	0
North Carolina	Gaston County	4
North Carolina	Gates County	0
North Carolina	Graham County	0
North Carolina	Granville County	0
North Carolina	Greene County	0
North Carolina	Guilford County	0
North Carolina	Halifax County	0
North Carolina	Harnett County	0
North Carolina	Haywood County	4
North Carolina	Henderson County	0
North Carolina	Hertford County	0
North Carolina	Hoke County	0
North Carolina	Hyde County	0
North Carolina	Iredell County	0
North Carolina	Jackson County	0
North Carolina	Johnston County	0
North Carolina	Jones County	0
North Carolina	Lee County	2
North Carolina	Lenoir County	0
North Carolina	Lincoln County	0
North Carolina	Macon County	4
North Carolina	Madison County	2
North Carolina	Martin County	0
North Carolina	McDowell County	0
North Carolina	Mecklenburg County	2
North Carolina	Mitchell County	0
North Carolina	Montgomery County	0
North Carolina	Moore County	0
North Carolina	Nash County	0
North Carolina	New Hanover County	2
North Carolina	Northampton County	0
North Carolina	Onslow County	0
North Carolina	Orange County	8
North Carolina	Pamlico County	0
North Carolina	Pasquotank County	0
North Carolina	Pender County	2
North Carolina	Perquimans County	0
North Carolina	Person County	0
North Carolina	Pitt County	0
North Carolina	Polk County	0
North Carolina	Randolph County	0
North Carolina	Richmond County	0
North Carolina	Robeson County	0
North Carolina	Rockingham County	0
North Carolina	Rowan County	0
North Carolina	Rutherford County	0
North Carolina	Sampson County	0
North Carolina	Scotland County	0
North Carolina	Stanly County	6
North Carolina	Stokes County	0
North Carolina	Surry County	0
North Carolina	Swain County	2
North Carolina	Transylvania County	0
North Carolina	Tyrrell County	0
North Carolina	Union County	0
North Carolina	Vance County	0
North Carolina	Wake County	4
North Carolina	Warren County	0
North Carolina	Washington County	0
North Carolina	Watauga County	8
North Carolina	Wayne County	0
North Carolina	Wilkes County	0
North Carolina	Wilson County	0
North Carolina	Yadkin County	0
North Carolina	Yancey County	0
North Dakota	Adams County	0
North Dakota	Barnes County	0
North Dakota	Benson County	0
North Dakota	Billings County	0
North Dakota	Bottineau County	0
North Dakota	Bowman County	0
North Dakota	Burke County	0
North Dakota	Burleigh County	0
North Dakota	Cass County	0
North Dakota	Cavalier County	0
North Dakota	Dickey County	0
North Dakota	Divide County	0
North Dakota	Dunn County	0
North Dakota	Eddy County	0
North Dakota	Emmons County	0
North Dakota	Foster County	0
North Dakota	Golden Valley County	0
North Dakota	Grand Forks County	0
North Dakota	Grant County	0
North Dakota	Griggs County	0
North Dakota	Hettinger County	0
North Dakota	Kidder County	0
North Dakota	LaMoure County	0
North Dakota	Logan County	0
North Dakota	McHenry County	0
North Dakota	McIntosh County	0
North Dakota	McKenzie County	0
North Dakota	McLean County	0
North Dakota	Mercer County	0
North Dakota	Morton County	0
North Dakota	Mountrail County	0
North Dakota	Nelson County	0
North Dakota	Oliver County	0
North Dakota	Pembina County	0
North Dakota	Pierce County	0
North Dakota	Ramsey County	0
North Dakota	Ransom County	0
North Dakota	Renville County	0
North Dakota	Richland County	0
North Dakota	Rolette County	0
North Dakota	Sargent County	0
North Dakota	Sheridan County	0
North Dakota	Sioux County	0
North Dakota	Slope County	0
North Dakota	Stark County	0
North Dakota	Steele County	0
North Dakota	Stutsman County	0
North Dakota	Towner County	0
North Dakota	Traill County	0
North Dakota	Walsh County	0
North Dakota	Ward County	0
North Dakota	Wells County	0
North Dakota	Williams County	0
Ohio	Adams County	0
Ohio	Allen County	0
Ohio	Ashland County	0
Ohio	Ashtabula County	0
Ohio	Athens County	4
Ohio	Auglaize County	0
Ohio	Belmont County	0
Ohio	Brown County	0
Ohio	Butler County	2
Ohio	Carroll County	0
Ohio	Champaign County	0
Ohio	Clark County	2
Ohio	Clermont County	0
Ohio	Clinton County	0
Ohio	Columbiana County	0
Ohio	Coshocton County	0
Ohio	Crawford County	0
Ohio	Cuyahoga County	0
Ohio	Darke County	0
Ohio	Defiance County	0
Ohio	Delaware County	0
Ohio	Erie County	0
Ohio	Fairfield County	0
Ohio	Fayette County	0
Ohio	Franklin County	0
Ohio	Fulton County	0
Ohio	Gallia County	4
Ohio	Geauga County	0
Ohio	Greene County	2
Ohio	Guernsey County	0
Ohio	Hamilton County	12
Ohio	Hancock County	0
Ohio	Hardin County	0
Ohio	Harrison County	0
Ohio	Henry County	0
Ohio	Highland County	0
Ohio	Hocking County	0
Ohio	Holmes County	0
Ohio	Huron County	2
Ohio	Jackson County	4
Ohio	Jefferson County	0
Ohio	Knox County	2
Ohio	Lake County	2
Ohio	Lawrence County	2
Ohio	Licking County	0
Ohio	Logan County	0
Ohio	Lorain County	2
Ohio	Lucas County	0
Ohio	Madison County	0
Ohio	Mahoning County	2
Ohio	Marion County	0
Ohio	Medina County	0
Ohio	Meigs County	6
Ohio	Mercer County	0
Ohio	Miami County	0
Ohio	Monroe County	0
Ohio	Montgomery County	2
Ohio	Morgan County	0
Ohio	Morrow County	0
Ohio	Muskingum County	0
Ohio	Noble County	0
Ohio	Ottawa County	0
Ohio	Paulding County	0
Ohio	Perry County	0
Ohio	Pickaway County	0
Ohio	Pike County	0
Ohio	Portage County	2
Ohio	Preble County	0
Ohio	Putnam County	0
Ohio	Richland County	0
Ohio	Ross County	0
Ohio	Sandusky County	0
Ohio	Scioto County	0
Ohio	Seneca County	0
Ohio	Shelby County	0
Ohio	Stark County	0
Ohio	Summit County	0
Ohio	Trumbull County	0
Ohio	Tuscarawas County	0
Ohio	Union County	0
Ohio	Van Wert County	0
Ohio	Vinton County	6
Ohio	Warren County	2
Ohio	Washington County	0
Ohio	Wayne County	0
Ohio	Williams County	0
Ohio	Wood County	0
Ohio	Wyandot County	0
Oklahoma	Adair County	0
Oklahoma	Alfalfa County	0
Oklahoma	Atoka County	0
Oklahoma	Beaver County	0
Oklahoma	Beckham County	0
Oklahoma	Blaine County	0
Oklahoma	Bryan County	0
Oklahoma	Caddo County	16
Oklahoma	Canadian County	0
Oklahoma	Carter County	0
Oklahoma	Cherokee County	0
Oklahoma	Choctaw County	0
Oklahoma	Cimarron County	0
Oklahoma	Cleveland County	0
Oklahoma	Coal County	0
Oklahoma	Comanche County	16
Oklahoma	Cotton County	0
Oklahoma	Craig County	0
Oklahoma	Creek County	0
Oklahoma	Custer County	0
Oklahoma	Delaware County	2
Oklahoma	Dewey County	0
Oklahoma	Ellis County	0
Oklahoma	Garfield County	0
Oklahoma	Garvin County	0
Oklahoma	Grady County	0
Oklahoma	Grant County	0
Oklahoma	Greer County	0
Oklahoma	Harmon County	0
Oklahoma	Harper County	0
Oklahoma	Haskell County	0
Oklahoma	Hughes County	0
Oklahoma	Jackson County	0
Oklahoma	Jefferson County	0
Oklahoma	Johnston County	0
Oklahoma	Kay County	0
Oklahoma	Kingfisher County	0
Oklahoma	Kiowa County	0
Oklahoma	Latimer County	0
Oklahoma	Le Flore County	14
Oklahoma	Lincoln County	0
Oklahoma	Logan County	0
Oklahoma	Love County	0
Oklahoma	Major County	0
Oklahoma	Marshall County	0
Oklahoma	Mayes County	0
Oklahoma	McClain County	0
Oklahoma	McCurtain County	6
Oklahoma	McIntosh County	0
Oklahoma	Murray County	0
Oklahoma	Muskogee County	0
Oklahoma	Noble County	0
Oklahoma	Nowata County	0
Oklahoma	Okfuskee County	0
Oklahoma	Oklahoma County	0
Oklahoma	Okmulgee County	0
Oklahoma	Osage County	0
Oklahoma	Ottawa County	12
Oklahoma	Pawnee County	0
Oklahoma	Payne County	0
Oklahoma	Pittsburg County	0
Oklahoma	Pontotoc County	0
Oklahoma	Pottawatomie County	0
Oklahoma	Pushmataha County	2
Oklahoma	Roger Mills County	0
Oklahoma	Rogers County	0
Oklahoma	Seminole County	0
Oklahoma	Sequoyah County	0
Oklahoma	Stephens County	0
Oklahoma	Texas County	0
Oklahoma	Tillman County	0
Oklahoma	Tulsa County	0
Oklahoma	Wagoner County	0
Oklahoma	Washington County	0
Oklahoma	Washita County	0
Oklahoma	Woods County	0
Oklahoma	Woodward County	0
Oregon	Baker County	0
Oregon	Benton County	0
Oregon	Clackamas County	0
Oregon	Clatsop County	0
Oregon	Columbia County	0
Oregon	Coos County	0
Oregon	Crook County	0
Oregon	Curry County	0
Oregon	Deschutes County	0
Oregon	Douglas County	0
Oregon	Gilliam County	0
Oregon	Grant County	0
Oregon	Harney County	0
Oregon	Hood River County	0
Oregon	Jackson County	0
Oregon	Jefferson County	0
Oregon	Josephine County	0
Oregon	Klamath County	0
Oregon	Lake County	0
Oregon	Lane County	0
Oregon	Lincoln County	0
Oregon	Linn County	0
Oregon	Malheur County	0
Oregon	Marion County	0
Oregon	Morrow County	0
Oregon	Multnomah County	0
Oregon	Polk County	0
Oregon	Sherman County	0
Oregon	Tillamook County	0
Oregon	Umatilla County	0
Oregon	Union County	0
Oregon	Wallowa County	0
Oregon	Wasco County	0
Oregon	Washington County	0
Oregon	Wheeler County	0
Oregon	Yamhill County	0
Pennsylvania	Adams County	0
Pennsylvania	Allegheny County	6
Pennsylvania	Armstrong County	8
Pennsylvania	Beaver County	2
Pennsylvania	Bedford County	0
Pennsylvania	Berks County	0
Pennsylvania	Blair County	0
Pennsylvania	Bradford County	0
Pennsylvania	Bucks County	6
Pennsylvania	Butler County	0
Pennsylvania	Cambria County	4
Pennsylvania	Cameron County	0
Pennsylvania	Carbon County	0
Pennsylvania	Centre County	0
Pennsylvania	Chester County	12
Pennsylvania	Clarion County	0
Pennsylvania	Clearfield County	2
Pennsylvania	Clinton County	2
Pennsylvania	Columbia County	0
Pennsylvania	Crawford County	0
Pennsylvania	Cumberland County	0
Pennsylvania	Dauphin County	2
Pennsylvania	Delaware County	4
Pennsylvania	Elk County	2
Pennsylvania	Erie County	0
Pennsylvania	Fayette County	0
Pennsylvania	Forest County	0
Pennsylvania	Franklin County	0
Pennsylvania	Fulton County	0
Pennsylvania	Greene County	0
Pennsylvania	Huntingdon County	0
Pennsylvania	Indiana County	0
Pennsylvania	Jefferson County	2
Pennsylvania	Juniata County	0
Pennsylvania	Lackawanna County	0
Pennsylvania	Lancaster County	14
Pennsylvania	Lawrence County	0
Pennsylvania	Lebanon County	0
Pennsylvania	Lehigh County	0
Pennsylvania	Luzerne County	0
Pennsylvania	Lycoming County	2
Pennsylvania	McKean County	0
Pennsylvania	Mercer County	0
Pennsylvania	Mifflin County	0
Pennsylvania	Monroe County	0
Pennsylvania	Montgomery County	0
Pennsylvania	Montour County	0
Pennsylvania	Northampton County	8
Pennsylvania	Northumberland County	2
Pennsylvania	Perry County	2
Pennsylvania	Philadelphia County	0
Pennsylvania	Pike County	0
Pennsylvania	Potter County	0
Pennsylvania	Schuylkill County	0
Pennsylvania	Snyder County	0
Pennsylvania	Somerset County	0
Pennsylvania	Sullivan County	0
Pennsylvania	Susquehanna County	0
Pennsylvania	Tioga County	0
Pennsylvania	Union County	0
Pennsylvania	Venango County	0
Pennsylvania	Warren County	2
Pennsylvania	Washington County	0
Pennsylvania	Wayne County	0
Pennsylvania	Westmoreland County	0
Pennsylvania	Wyoming County	0
Pennsylvania	York County	0
Rhode Island	Bristol County	0
Rhode Island	Kent County	2
Rhode Island	Newport County	0
Rhode Island	Providence County	4
Rhode Island	Washington County	0
South Carolina	Abbeville County	0
South Carolina	Aiken County	0
South Carolina	Allendale County	0
South Carolina	Anderson County	0
South Carolina	Bamberg County	0
South Carolina	Barnwell County	0
South Carolina	Beaufort County	0
South Carolina	Berkeley County	4
South Carolina	Calhoun County	0
South Carolina	Charleston County	0
South Carolina	Cherokee County	0
South Carolina	Chester County	0
South Carolina	Chesterfield County	0
South Carolina	Clarendon County	0
South Carolina	Colleton County	0
South Carolina	Darlington County	0
South Carolina	Dillon County	0
South Carolina	Dorchester County	0
South Carolina	Edgefield County	0
South Carolina	Fairfield County	0
South Carolina	Florence County	0
South Carolina	Georgetown County	0
South Carolina	Greenville County	0
South Carolina	Greenwood County	0
South Carolina	Hampton County	0
South Carolina	Horry County	0
South Carolina	Jasper County	0
South Carolina	Kershaw County	0
South Carolina	Lancaster County	0
South Carolina	Laurens County	0
South Carolina	Lee County	0
South Carolina	Lexington County	0
South Carolina	Marion County	0
South Carolina	Marlboro County	0
South Carolina	McCormick County	2
South Carolina	Newberry County	0
South Carolina	Oconee County	0
South Carolina	Orangeburg County	0
South Carolina	Pickens County	0
South Carolina	Richland County	0
South Carolina	Saluda County	0
South Carolina	Spartanburg County	0
South Carolina	Sumter County	0
South Carolina	Union County	0
South Carolina	Williamsburg County	0
South Carolina	York County	0
South Dakota	Aurora County	0
South Dakota	Beadle County	0
South Dakota	Bennett County	0
South Dakota	Bon Homme County	0
South Dakota	Brookings County	0
South Dakota	Brown County	0
South Dakota	Brule County	0
South Dakota	Buffalo County	0
South Dakota	Butte County	0
South Dakota	Campbell County	0
South Dakota	Charles Mix County	0
South Dakota	Clark County	0
South Dakota	Clay County	0
South Dakota	Codington County	0
South Dakota	Corson County	0
South Dakota	Custer County	0
South Dakota	Davison County	0
South Dakota	Day County	0
South Dakota	Deuel County	0
South Dakota	Dewey County	0
South Dakota	Douglas County	0
South Dakota	Edmunds County	0
South Dakota	Fall River County	0
South Dakota	Faulk County	0
South Dakota	Grant County	0
South Dakota	Gregory County	0
South Dakota	Haakon County	0
South Dakota	Hamlin County	0
South Dakota	Hand County	0
South Dakota	Hanson County	0
South Dakota	Harding County	0
South Dakota	Hughes County	0
South Dakota	Hutchinson County	0
South Dakota	Hyde County	0
South Dakota	Jackson County	0
South Dakota	Jerauld County	0
South Dakota	Jones County	0
South Dakota	Kingsbury County	0
South Dakota	Lake County	0
South Dakota	Lawrence County	0
South Dakota	Lincoln County	0
South Dakota	Lyman County	0
South Dakota	Marshall County	2
South Dakota	McCook County	0
South Dakota	McPherson County	0
South Dakota	Meade County	0
South Dakota	Mellette County	0
South Dakota	Miner County	0
South Dakota	Minnehaha County	0
South Dakota	Moody County	0
South Dakota	Oglala Lakota County	0
South Dakota	Pennington County	0
South Dakota	Perkins County	0
South Dakota	Potter County	0
South Dakota	Roberts County	6
South Dakota	Sanborn County	0
South Dakota	Spink County	0
South Dakota	Stanley County	0
South Dakota	Sully County	0
South Dakota	Todd County	0
South Dakota	Tripp County	0
South Dakota	Turner County	0
South Dakota	Union County	0
South Dakota	Walworth County	0
South Dakota	Yankton County	0
South Dakota	Ziebach County	0
Tennessee	Anderson County	0
Tennessee	Bedford County	0
Tennessee	Benton County	0
Tennessee	Bledsoe County	0
Tennessee	Blount County	0
Tennessee	Bradley County	0
Tennessee	Campbell County	0
Tennessee	Cannon County	0
Tennessee	Carroll County	0
Tennessee	Carter County	2
Tennessee	Cheatham County	2
Tennessee	Chester County	0
Tennessee	Claiborne County	0
Tennessee	Clay County	0
Tennessee	Cocke County	0
Tennessee	Coffee County	0
Tennessee	Crockett County	0
Tennessee	Cumberland County	0
Tennessee	Davidson County	4
Tennessee	DeKalb County	0
Tennessee	Decatur County	0
Tennessee	Dickson County	0
Tennessee	Dyer County	0
Tennessee	Fayette County	0
Tennessee	Fentress County	0
Tennessee	Franklin County	0
Tennessee	Gibson County	0
Tennessee	Giles County	0
Tennessee	Grainger County	0
Tennessee	Greene County	0
Tennessee	Grundy County	4
Tennessee	Hamblen County	0
Tennessee	Hamilton County	4
Tennessee	Hancock County	0
Tennessee	Hardeman County	0
Tennessee	Hardin County	0
Tennessee	Hawkins County	0
Tennessee	Haywood County	0
Tennessee	Henderson County	2
Tennessee	Henry County	0
Tennessee	Hickman County	0
Tennessee	Houston County	2
Tennessee	Humphreys County	0
Tennessee	Jackson County	0
Tennessee	Jefferson County	0
Tennessee	Johnson County	0
Tennessee	Knox County	10
Tennessee	Lake County	0
Tennessee	Lauderdale County	0
Tennessee	Lawrence County	0
Tennessee	Lewis County	0
Tennessee	Lincoln County	0
Tennessee	Loudon County	0
Tennessee	Macon County	0
Tennessee	Madison County	0
Tennessee	Marion County	0
Tennessee	Marshall County	2
Tennessee	Maury County	4
Tennessee	McMinn County	0
Tennessee	McNairy County	0
Tennessee	Meigs County	0
Tennessee	Monroe County	0
Tennessee	Montgomery County	0
Tennessee	Moore County	0
Tennessee	Morgan County	0
Tennessee	Obion County	4
Tennessee	Overton County	2
Tennessee	Perry County	0
Tennessee	Pickett County	0
Tennessee	Polk County	2
Tennessee	Putnam County	0
Tennessee	Rhea County	0
Tennessee	Roane County	0
Tennessee	Robertson County	0
Tennessee	Rutherford County	0
Tennessee	Scott County	0
Tennessee	Sequatchie County	0
Tennessee	Sevier County	4
Tennessee	Shelby County	0
Tennessee	Smith County	0
Tennessee	Stewart County	0
Tennessee	Sullivan County	2
Tennessee	Sumner County	0
Tennessee	Tipton County	12
Tennessee	Trousdale County	0
Tennessee	Unicoi County	2
Tennessee	Union County	0
Tennessee	Van Buren County	0
Tennessee	Warren County	0
Tennessee	Washington County	0
Tennessee	Wayne County	2
Tennessee	Weakley County	0
Tennessee	White County	2
Tennessee	Williamson County	4
Tennessee	Wilson County	0
Texas	Anderson County	0
Texas	Andrews County	0
Texas	Angelina County	4
Texas	Aransas County	0
Texas	Archer County	0
Texas	Armstrong County	0
Texas	Atascosa County	0
Texas	Austin County	0
Texas	Bailey County	0
Texas	Bandera County	4
Texas	Bastrop County	0
Texas	Baylor County	0
Texas	Bee County	0
Texas	Bell County	0
Texas	Bexar County	0
Texas	Blanco County	0
Texas	Borden County	0
Texas	Bosque County	0
Texas	Bowie County	0
Texas	Brazoria County	0
Texas	Brazos County	0
Texas	Brewster County	0
Texas	Briscoe County	0
Texas	Brooks County	0
Texas	Brown County	0
Texas	Burleson County	0
Texas	Burnet County	0
Texas	Caldwell County	0
Texas	Calhoun County	0
Texas	Callahan County	0
Texas	Cameron County	0
Texas	Camp County	0
Texas	Carson County	0
Texas	Cass County	0
Texas	Castro County	0
Texas	Chambers County	0
Texas	Cherokee County	0
Texas	Childress County	0
Texas	Clay County	0
Texas	Cochran County	0
Texas	Coke County	0
Texas	Coleman County	0
Texas	Collin County	0
Texas	Collingsworth County	0
Texas	Colorado County	0
Texas	Comal County	0
Texas	Comanche County	0
Texas	Concho County	0
Texas	Cooke County	0
Texas	Coryell County	0
Texas	Cottle County	0
Texas	Crane County	0
Texas	Crockett County	0
Texas	Crosby County	0
Texas	Culberson County	0
Texas	Dallam County	0
Texas	Dallas County	0
Texas	Dawson County	0
Texas	DeWitt County	0
Texas	Deaf Smith County	0
Texas	Delta County	0
Texas	Denton County	0
Texas	Dickens County	0
Texas	Dimmit County	0
Texas	Donley County	0
Texas	Duval County	0
Texas	Eastland County	0
Texas	Ector County	0
Texas	Edwards County	0
Texas	El Paso County	0
Texas	Ellis County	0
Texas	Erath County	0
Texas	Falls County	0
Texas	Fannin County	0
Texas	Fayette County	0
Texas	Fisher County	0
Texas	Floyd County	0
Texas	Foard County	0
Texas	Fort Bend County	0
Texas	Franklin County	0
Texas	Freestone County	0
Texas	Frio County	0
Texas	Gaines County	0
Texas	Galveston County	0
Texas	Garza County	0
Texas	Gillespie County	0
Texas	Glasscock County	0
Texas	Goliad County	0
Texas	Gonzales County	0
Texas	Gray County	0
Texas	Grayson County	0
Texas	Gregg County	0
Texas	Grimes County	0
Texas	Guadalupe County	0
Texas	Hale County	0
Texas	Hall County	0
Texas	Hamilton County	0
Texas	Hansford County	0
Texas	Hardeman County	0
Texas	Hardin County	0
Texas	Harris County	6
Texas	Harrison County	4
Texas	Hartley County	0
Texas	Haskell County	0
Texas	Hays County	0
Texas	Hemphill County	0
Texas	Henderson County	0
Texas	Hidalgo County	0
Texas	Hill County	0
Texas	Hockley County	0
Texas	Hood County	0
Texas	Hopkins County	0
Texas	Houston County	0
Texas	Howard County	0
Texas	Hudspeth County	0
Texas	Hunt County	0
Texas	Hutchinson County	0
Texas	Irion County	0
Texas	Jack County	0
Texas	Jackson County	0
Texas	Jasper County	2
Texas	Jeff Davis County	0
Texas	Jefferson County	6
Texas	Jim Hogg County	0
Texas	Jim Wells County	0
Texas	Johnson County	0
Texas	Jones County	0
Texas	Karnes County	0
Texas	Kaufman County	0
Texas	Kendall County	2
Texas	Kenedy County	0
Texas	Kent County	0
Texas	Kerr County	0
Texas	Kimble County	0
Texas	King County	0
Texas	Kinney County	0
Texas	Kleberg County	0
Texas	Knox County	0
Texas	La Salle County	0
Texas	Lamar County	0
Texas	Lamb County	0
Texas	Lampasas County	0
Texas	Lavaca County	0
Texas	Lee County	0
Texas	Leon County	0
Texas	Liberty County	0
Texas	Limestone County	0
Texas	Lipscomb County	0
Texas	Live Oak County	0
Texas	Llano County	0
Texas	Loving County	0
Texas	Lubbock County	0
Texas	Lynn County	0
Texas	Madison County	0
Texas	Marion County	0
Texas	Martin County	0
Texas	Mason County	0
Texas	Matagorda County	0
Texas	Maverick County	0
Texas	McCulloch County	0
Texas	McLennan County	0
Texas	McMullen County	0
Texas	Medina County	0
Texas	Menard County	0
Texas	Midland County	0
Texas	Milam County	0
Texas	Mills County	0
Texas	Mitchell County	0
Texas	Montague County	0
Texas	Montgomery County	0
Texas	Moore County	0
Texas	Morris County	0
Texas	Motley County	0
Texas	Nacogdoches County	0
Texas	Navarro County	0
Texas	Newton County	0
Texas	Nolan County	0
Texas	Nueces County	0
Texas	Ochiltree County	0
Texas	Oldham County	0
Texas	Orange County	0
Texas	Palo Pinto County	0
Texas	Panola County	0
Texas	Parker County	0
Texas	Parmer County	0
Texas	Pecos County	0
Texas	Polk County	0
Texas	Potter County	0
Texas	Presidio County	0
Texas	Rains County	0
Texas	Randall County	0
Texas	Reagan County	0
Texas	Real County	0
Texas	Red River County	0
Texas	Reeves County	0
Texas	Refugio County	0
Texas	Roberts County	0
Texas	Robertson County	0
Texas	Rockwall County	0
Texas	Runnels County	0
Texas	Rusk County	0
Texas	Sabine County	2
Texas	San Augustine County	6
Texas	San Jacinto County	0
Texas	San Patricio County	0
Texas	San Saba County	0
Texas	Schleicher County	0
Texas	Scurry County	0
Texas	Shackelford County	0
Texas	Shelby County	0
Texas	Sherman County	0
Texas	Smith County	0
Texas	Somervell County	0
Texas	Starr County	0
Texas	Stephens County	0
Texas	Sterling County	0
Texas	Stonewall County	0
Texas	Sutton County	0
Texas	Swisher County	0
Texas	Tarrant County	0
Texas	Taylor County	0
Texas	Terrell County	0
Texas	Terry County	0
Texas	Throckmorton County	0
Texas	Titus County	0
Texas	Tom Green County	0
Texas	Travis County	0
Texas	Trinity County	0
Texas	Tyler County	2
Texas	Upshur County	0
Texas	Upton County	0
Texas	Uvalde County	0
Texas	Val Verde County	0
Texas	Van Zandt County	0
Texas	Victoria County	0
Texas	Walker County	0
Texas	Waller County	0
Texas	Ward County	0
Texas	Washington County	0
Texas	Webb County	0
Texas	Wharton County	0
Texas	Wheeler County	0
Texas	Wichita County	0
Texas	Wilbarger County	0
Texas	Willacy County	0
Texas	Williamson County	0
Texas	Wilson County	0
Texas	Winkler County	0
Texas	Wise County	0
Texas	Wood County	0
Texas	Yoakum County	0
Texas	Young County	0
Texas	Zapata County	0
Texas	Zavala County	0
Utah	Beaver County	0
Utah	Box Elder County	0
Utah	Cache County	0
Utah	Carbon County	0
Utah	Daggett County	0
Utah	Davis County	0
Utah	Duchesne County	0
Utah	Emery County	0
Utah	Garfield County	0
Utah	Grand County	0
Utah	Iron County	0
Utah	Juab County	0
Utah	Kane County	0
Utah	Millard County	0
Utah	Morgan County	0
Utah	Piute County	0
Utah	Rich County	0
Utah	Salt Lake County	0
Utah	San Juan County	0
Utah	Sanpete County	0
Utah	Sevier County	0
Utah	Summit County	0
Utah	Tooele County	0
Utah	Uintah County	0
Utah	Utah County	4
Utah	Wasatch County	0
Utah	Washington County	0
Utah	Wayne County	0
Utah	Weber County	0
Vermont	Addison County	22
Vermont	Bennington County	14
Vermont	Caledonia County	2
Vermont	Chittenden County	16
Vermont	Essex County	2
Vermont	Franklin County	0
Vermont	Grand Isle County	0
Vermont	Lamoille County	4
Vermont	Orange County	2
Vermont	Orleans County	0
Vermont	Rutland County	50
Vermont	Washington County	0
Vermont	Windham County	10
Vermont	Windsor County	14
Virginia	Accomack County	0
Virginia	Albemarle County	0
Virginia	Alexandria city	0
Virginia	Alleghany County	0
Virginia	Amelia County	0
Virginia	Amherst County	2
Virginia	Appomattox County	0
Virginia	Arlington County	0
Virginia	Augusta County	0
Virginia	Bath County	0
Virginia	Bedford County	2
Virginia	Bland County	0
Virginia	Botetourt County	2
Virginia	Bristol city	0
Virginia	Brunswick County	2
Virginia	Buchanan County	0
Virginia	Buckingham County	0
Virginia	Buena Vista city	0
Virginia	Campbell County	0
Virginia	Caroline County	0
Virginia	Carroll County	0
Virginia	Charles City County	0
Virginia	Charlotte County	0
Virginia	Charlottesville city	0
Virginia	Chesapeake city	0
Virginia	Chesterfield County	0
Virginia	Clarke County	0
Virginia	Colonial Heights city	0
Virginia	Covington city	0
Virginia	Craig County	0
Virginia	Culpeper County	0
Virginia	Cumberland County	0
Virginia	Danville city	0
Virginia	Dickenson County	0
Virginia	Dinwiddie County	0
Virginia	Emporia city	0
Virginia	Essex County	0
Virginia	Fairfax County	0
Virginia	Fairfax city	0
Virginia	Falls Church city	0
Virginia	Fauquier County	0
Virginia	Floyd County	0
Virginia	Fluvanna County	0
Virginia	Franklin County	0
Virginia	Franklin city	0
Virginia	Frederick County	2
Virginia	Fredericksburg city	8
Virginia	Galax city	0
Virginia	Giles County	8
Virginia	Gloucester County	0
Virginia	Goochland County	0
Virginia	Grayson County	0
Virginia	Greene County	0
Virginia	Greensville County	2
Virginia	Halifax County	0
Virginia	Hampton city	0
Virginia	Hanover County	0
Virginia	Harrisonburg city	0
Virginia	Henrico County	0
Virginia	Henry County	0
Virginia	Highland County	0
Virginia	Hopewell city	0
Virginia	Isle of Wight County	2
Virginia	James City County	10
Virginia	King George County	0
Virginia	King William County	0
Virginia	King and Queen County	0
Virginia	Lancaster County	0
Virginia	Lee County	0
Virginia	Lexington city	0
Virginia	Loudoun County	0
Virginia	Louisa County	0
Virginia	Lunenburg County	0
Virginia	Lynchburg city	2
Virginia	Madison County	0
Virginia	Manassas Park city	0
Virginia	Manassas city	0
Virginia	Martinsville city	0
Virginia	Mathews County	0
Virginia	Mecklenburg County	0
Virginia	Middlesex County	0
Virginia	Montgomery County	4
Virginia	Nelson County	4
Virginia	New Kent County	0
Virginia	Newport News city	2
Virginia	Norfolk city	4
Virginia	Northampton County	0
Virginia	Northumberland County	0
Virginia	Norton city	0
Virginia	Nottoway County	0
Virginia	Orange County	0
Virginia	Page County	4
Virginia	Patrick County	0
Virginia	Petersburg city	2
Virginia	Pittsylvania County	0
Virginia	Poquoson city	0
Virginia	Portsmouth city	0
Virginia	Powhatan County	0
Virginia	Prince Edward County	0
Virginia	Prince George County	0
Virginia	Prince William County	0
Virginia	Pulaski County	0
Virginia	Radford city	0
Virginia	Rappahannock County	0
Virginia	Richmond County	0
Virginia	Richmond city	0
Virginia	Roanoke County	4
Virginia	Roanoke city	0
Virginia	Rockbridge County	4
Virginia	Rockingham County	0
Virginia	Russell County	0
Virginia	Salem city	0
Virginia	Scott County	0
Virginia	Shenandoah County	0
Virginia	Smyth County	0
Virginia	Southampton County	0
Virginia	Spotsylvania County	0
Virginia	Stafford County	0
Virginia	Staunton city	0
Virginia	Suffolk city	2
Virginia	Surry County	0
Virginia	Sussex County	0
Virginia	Tazewell County	0
Virginia	Virginia Beach city	0
Virginia	Warren County	0
Virginia	Washington County	2
Virginia	Waynesboro city	0
Virginia	Westmoreland County	0
Virginia	Williamsburg city	2
Virginia	Winchester city	0
Virginia	Wise County	0
Virginia	Wythe County	0
Virginia	York County	0
Washington	Adams County	0
Washington	Asotin County	0
Washington	Benton County	0
Washington	Chelan County	0
Washington	Clallam County	0
Washington	Clark County	0
Washington	Columbia County	0
Washington	Cowlitz County	0
Washington	Douglas County	0
Washington	Ferry County	0
Washington	Franklin County	0
Washington	Garfield County	0
Washington	Grant County	0
Washington	Grays Harbor County	0
Washington	Island County	0
Washington	Jefferson County	0
Washington	King County	0
Washington	Kitsap County	0
Washington	Kittitas County	0
Washington	Klickitat County	0
Washington	Lewis County	0
Washington	Lincoln County	0
Washington	Mason County	0
Washington	Okanogan County	0
Washington	Pacific County	0
Washington	Pend Oreille County	0
Washington	Pierce County	0
Washington	San Juan County	0
Washington	Skagit County	0
Washington	Skamania County	0
Washington	Snohomish County	0
Washington	Spokane County	0
Washington	Stevens County	0
Washington	Thurston County	0
Washington	Wahkiakum County	0
Washington	Walla Walla County	0
Washington	Whatcom County	0
Washington	Whitman County	0
Washington	Yakima County	0
West Virginia	Barbour County	0
West Virginia	Berkeley County	0
West Virginia	Boone County	0
West Virginia	Braxton County	2
West Virginia	Brooke County	2
West Virginia	Cabell County	2
West Virginia	Calhoun County	0
West Virginia	Clay County	0
West Virginia	Doddridge County	0
West Virginia	Fayette County	4
West Virginia	Gilmer County	0
West Virginia	Grant County	0
West Virginia	Greenbrier County	2
West Virginia	Hampshire County	0
West Virginia	Hancock County	0
West Virginia	Hardy County	0
West Virginia	Harrison County	0
West Virginia	Jackson County	0
West Virginia	Jefferson County	0
West Virginia	Kanawha County	0
West Virginia	Lewis County	0
West Virginia	Lincoln County	0
West Virginia	Logan County	0
West Virginia	Marion County	0
West Virginia	Marshall County	0
West Virginia	Mason County	0
West Virginia	McDowell County	0
West Virginia	Mercer County	0
West Virginia	Mineral County	2
West Virginia	Mingo County	0
West Virginia	Monongalia County	2
West Virginia	Monroe County	6
West Virginia	Morgan County	0
West Virginia	Nicholas County	0
West Virginia	Ohio County	0
West Virginia	Pendleton County	4
West Virginia	Pleasants County	0
West Virginia	Pocahontas County	0
West Virginia	Preston County	2
West Virginia	Putnam County	0
West Virginia	Raleigh County	0
West Virginia	Randolph County	2
West Virginia	Ritchie County	0
West Virginia	Roane County	0
West Virginia	Summers County	6
West Virginia	Taylor County	0
West Virginia	Tucker County	2
West Virginia	Tyler County	0
West Virginia	Upshur County	6
West Virginia	Wayne County	0
West Virginia	Webster County	6
West Virginia	Wetzel County	0
West Virginia	Wirt County	8
West Virginia	Wood County	0
West Virginia	Wyoming County	0
Wisconsin	Adams County	0
Wisconsin	Ashland County	0
Wisconsin	Barron County	0
Wisconsin	Bayfield County	0
Wisconsin	Brown County	0
Wisconsin	Buffalo County	4
Wisconsin	Burnett County	0
Wisconsin	Calumet County	0
Wisconsin	Chippewa County	0
Wisconsin	Clark County	0
Wisconsin	Columbia County	0
Wisconsin	Crawford County	0
Wisconsin	Dane County	6
Wisconsin	Dodge County	0
Wisconsin	Door County	2
Wisconsin	Douglas County	0
Wisconsin	Dunn County	2
Wisconsin	Eau Claire County	2
Wisconsin	Florence County	0
Wisconsin	Fond du Lac County	2
Wisconsin	Forest County	0
Wisconsin	Grant County	0
Wisconsin	Green County	0
Wisconsin	Green Lake County	0
Wisconsin	Iowa County	0
Wisconsin	Iron County	2
Wisconsin	Jackson County	0
Wisconsin	Jefferson County	0
Wisconsin	Juneau County	0
Wisconsin	Kenosha County	0
Wisconsin	Kewaunee County	2
Wisconsin	La Crosse County	0
Wisconsin	Lafayette County	0
Wisconsin	Langlade County	0
Wisconsin	Lincoln County	0
Wisconsin	Manitowoc County	4
Wisconsin	Marathon County	2
Wisconsin	Marinette County	0
Wisconsin	Marquette County	0
Wisconsin	Menominee County	0
Wisconsin	Milwaukee County	2
Wisconsin	Monroe County	0
Wisconsin	Oconto County	0
Wisconsin	Oneida County	0
Wisconsin	Outagamie County	0
Wisconsin	Ozaukee County	4
Wisconsin	Pepin County	0
Wisconsin	Pierce County	0
Wisconsin	Polk County	0
Wisconsin	Portage County	0
Wisconsin	Price County	0
Wisconsin	Racine County	0
Wisconsin	Richland County	0
Wisconsin	Rock County	0
Wisconsin	Rusk County	0
Wisconsin	Sauk County	2
Wisconsin	Sawyer County	0
Wisconsin	Shawano County	4
Wisconsin	Sheboygan County	0
Wisconsin	St. Croix County	0
Wisconsin	Taylor County	0
Wisconsin	Trempealeau County	0
Wisconsin	Vernon County	2
Wisconsin	Vilas County	0
Wisconsin	Walworth County	0
Wisconsin	Washburn County	0
Wisconsin	Washington County	0
Wisconsin	Waukesha County	4
Wisconsin	Waupaca County	0
Wisconsin	Waushara County	0
Wisconsin	Winnebago County	0
Wisconsin	Wood County	0
Wyoming	Albany County	0
Wyoming	Big Horn County	0
Wyoming	Campbell County	0
Wyoming	Carbon County	0
Wyoming	Converse County	0
Wyoming	Crook County	0
Wyoming	Fremont County	0
Wyoming	Goshen County	0
Wyoming	Hot Springs County	0
Wyoming	Johnson County	0
Wyoming	Laramie County	0
Wyoming	Lincoln County	0
Wyoming	Natrona County	0
Wyoming	Niobrara County	0
Wyoming	Park County	0
Wyoming	Platte County	0
Wyoming	Sheridan County	0
Wyoming	Sublette County	0
Wyoming	Sweetwater County	0
Wyoming	Teton County	0
Wyoming	Uinta County	0
Wyoming	Washakie County	0
Wyoming	Weston County	0
